<?xml version="1.0" encoding="UTF-8"?>
<!DOCTYPE mapper   PUBLIC "-//mybatis.org//DTD Mapper 3.0//EN" 
     "http://mybatis.org/dtd/mybatis-3-mapper.dtd">
   
<!-- border.xml --> 

<mapper namespace="border"> 


	<!-- 기본배송지조회 -->
	<select id="deliveryAdd" parameterType="String" resultType="java.util.HashMap">
		SELECT deliv_no, member_id, deliv_postno, deliv_add1, deliv_add2, deliv_defaltadd
		FROM itwill.deliveryadd
		WHERE member_id = #{s_id} AND deliv_defaltadd = 1
	</select>
	
	<!-- 카트조회 -->
	<select id="cart" parameterType="String" resultType="java.util.HashMap">
		SELECT cart_no, c.isbn, book_name, book_price, cart_qty
        FROM (cart c JOIN book b 
        	  ON c.isbn=b.isbn)
        WHERE member_id = #{s_id}
        ORDER BY cart_date
	</select>
	
	<!-- 보유포인트조회 -->
	<select id="havepoint" parameterType="String" resultType="int">
		SELECT sum(point_change) havepoint
		FROM itwill.point
		WHERE member_id = #{s_id}
	</select>
	
	<!-- 총도서액조회 -->
	<select id="border_price" parameterType="String" resultType="int">
		SELECT sum(book_price*cart_qty)
		FROM (
			  SELECT c.isbn, book_price, cart_qty, member_id
			  FROM (cart c JOIN book b 
			  ON c.isbn=b.isbn)
			  ) AA
		WHERE AA.member_id =#{s_id}
	</select>

	<!-- 주문번호생성위한중복조회 -->
	<select id="dateno" parameterType="String" resultType="String">
		SELECT COUNT(border_no)
		FROM border
		WHERE border_no like #{border_date}||'%'
	</select>
	
	<insert id="insert" parameterType="java.util.HashMap">		
		INSERT INTO border(deliv_no, member_id, border_name, border_phone, border_price, border_paycode, border_date, border_msg)
		VALUES(#{deliv_no},#{s_id},#{border_name},#{border_phone},#{border_price},#{border_paycode},current_timestamp(), #{border_msg});
	</insert>
	
	<insert id="orderlistinsert" parameterType="java.util.HashMap">
		INSERT INTO itwill.orderlist(isbn, border_no, orderlist_cnt)
		VALUES(#{isbn}, #{border_no}, #{orderlist_cnt});
	</insert>
	
	<delete id="cartdelete" parameterType="String">
		DELETE FROM cart
		WHERE id=#{s_id}	
	</delete>
	
</mapper>